Fecha,Concepto,Cantidad,Tipo
1-09-01,Compras - Otros,18.0,Gasto
1-09-01,Compras,40.0,Gasto
1-09-01,Transporte,20.0,Gasto
1-09-01,Ocio - Restaurantes,30.0,Gasto
1-09-01,Ventas,1000.0,Ingreso
1-09-01,Hogar - Hipoteca,209.0,Gasto
1-09-01,Deporte - Deporte,15.0,Gasto
1-09-01,Hogar - Cuenta,200.0,Gasto
1-09-01,Hogar - Seguro hogar,27.0,Gasto
1-09-01,Hogar - Seguro vida,18.0,Gasto
1-09-01,Nómina,972.0,Ingreso
1-10-01,Ventas,10.0,Ingreso
1-10-01,Ocio - Restaurantes,13.0,Gasto
1-10-01,Hogar - Seguro vida,18.0,Gasto
1-10-01,Hogar - Seguro hogar,27.0,Gasto
1-10-01,Hogar - Cuenta,200.0,Gasto
1-10-01,Ventas,1000.0,Ingreso
1-10-01,Plataformas - Spotify,36.0,Gasto
1-10-01,Hogar - Hipoteca,209.0,Gasto
1-10-01,Compras - Cultura,20.0,Gasto
1-10-01,Ocio - Comedor,38.0,Gasto
1-10-01,Nómina,1865.0,Ingreso
1-10-01,Deporte - Deporte,15.0,Gasto
1-10-01,Ocio - Restaurantes,15.0,Gasto
1-11-01,Ocio - Comedor,55.0,Gasto
1-11-01,Ventas,1000.0,Ingreso
1-11-01,Compras - Otros,90.0,Gasto
1-11-01,Transporte,15.0,Gasto
1-11-01,Ocio - Restaurantes,50.0,Gasto
1-11-01,Xapa't,40.0,Ingreso
1-11-01,Hogar - Cuenta,200.0,Gasto
1-11-01,Hogar - Seguro vida,18.0,Gasto
1-11-01,Hogar - Hipoteca,209.0,Gasto
1-11-01,Hogar - Seguro hogar,27.0,Gasto
1-11-01,Nómina,1831.0,Ingreso
1-11-01,Deporte - Deporte,15.0,Gasto
1900-01-03,Ocio - Comedor,21.0,Gasto
1930-04-01,Ocio - Cerveza,9.0,Gasto
1973-12-17,Ocio - Restaurantes,24.0,Gasto
2021-01-01,Plataformas - Spotify,3.0,Gasto
2021-01-01,Plataformas - Playstation,9.0,Gasto
2021-01-01,Plataformas - Twich,5.0,Gasto
2021-01-01,Transporte,40.0,Gasto
2021-01-01,Ocio - Restaurantes,7.0,Gasto
2021-01-08,Transporte,23.0,Gasto
2021-01-09,Compras - Ropa y calzado,45.0,Gasto
2021-01-10,Compras - Cultura,76.0,Gasto
2021-01-12,Móvil - Móvil,20.0,Gasto
2021-01-13,Nómina,2075.0,Ingreso
2021-01-14,Xapa't,28.0,Ingreso
2021-01-15,Regalo/otro,50.0,Ingreso
2021-01-16,Transporte,10.0,Gasto
2021-01-17,Ocio - Compra,20.0,Gasto
2021-02-01,Plataformas - Twich,5.0,Gasto
2021-02-02,Ocio - Restaurantes,22.0,Gasto
2021-02-02,Móvil - Móvil,20.0,Gasto
2021-02-02,Ocio - Compra,6.0,Gasto
2021-02-02,Compras - Otros,6.0,Gasto
2021-02-02,Nómina,2034.0,Ingreso
2021-02-02,Ocio - Compra,9.0,Gasto
2021-02-02,Plataformas - Spotify,3.0,Gasto
2021-02-13,Compras - Otros,9.0,Gasto
2021-02-13,Transporte,13.0,Gasto
2021-02-16,Plataformas - Playstation,9.0,Gasto
2021-02-23,Xapa't,26.0,Ingreso
2021-03-01,Móvil - Móvil,20.0,Gasto
2021-03-03,Transporte,13.0,Gasto
2021-03-03,Compras - Otros,30.0,Gasto
2021-03-10,Xapa't,26.0,Ingreso
2021-03-14,Plataformas - Spotify,3.0,Gasto
2021-03-14,Plataformas - Twich,5.0,Gasto
2021-03-16,Plataformas - Playstation,9.0,Gasto
2021-03-17,Viajes - Viajes,100.0,Gasto
2021-03-27,Compras - Regalos,5.0,Gasto
2021-03-28,Ocio - Restaurantes,18.0,Gasto
2021-03-31,Nómina,2034.0,Ingreso
2021-04-01,Transporte,14.0,Gasto
2021-04-01,Plataformas - Spotify,3.0,Gasto
2021-04-01,Plataformas - Playstation,9.0,Gasto
2021-04-01,Móvil - Móvil,20.0,Gasto
2021-04-01,Viajes - Viajes,14.0,Gasto
2021-04-01,Ocio - Compra,9.0,Gasto
2021-04-02,Regalo/otro,50.0,Ingreso
2021-04-03,Ocio - Cerveza,1.5,Gasto
2021-04-03,Ocio - Restaurantes,42.0,Gasto
2021-04-04,Compras - Cultura,15.0,Gasto
2021-04-09,Xapa't,157.0,Ingreso
2021-04-12,Xapa't,107.0,Ingreso
2021-04-17,Xapa't,16.0,Ingreso
2021-04-18,Plataformas - Twich,5.0,Gasto
2021-04-21,Compras - Cultura,15.0,Gasto
2021-04-25,Ocio - Restaurantes,16.0,Gasto
2021-04-26,Transporte,14.0,Gasto
2021-04-28,Ocio - Compra,5.0,Gasto
2021-04-29,Nómina,2034.0,Ingreso
2021-05-01,Plataformas - Playstation,9.0,Gasto
2021-05-01,Móvil - Móvil,20.0,Gasto
2021-05-01,Viajes - Viajes,70.0,Gasto
2021-05-01,Plataformas - Spotify,3.0,Gasto
2021-05-03,Transporte,8.0,Gasto
2021-05-09,Ocio - Restaurantes,20.0,Gasto
2021-05-14,Transporte,13.0,Gasto
2021-05-16,Xapa't,72.0,Ingreso
2021-05-16,Ocio - Cerveza,5.0,Gasto
2021-05-16,Xapa't,11.0,Ingreso
2021-05-22,Compras - Ropa y calzado,100.0,Gasto
2021-05-23,Xapa't,18.0,Ingreso
2021-05-23,Ocio - Cerveza,4.0,Gasto
2021-05-25,Xapa't,72.0,Ingreso
2021-05-28,Ocio - Cerveza,8.0,Gasto
2021-05-28,Nómina,475.0,Ingreso
2021-05-28,Nómina,2972.0,Ingreso
2021-05-28,Ocio - Restaurantes,10.0,Gasto
2021-06-01,Móvil,20.0,Gasto
2021-06-01,Plataformas - Playstation,9.0,Gasto
2021-06-01,Plataformas - Spotify,3.0,Gasto
2021-06-01,Compras - Tecnología,45.0,Gasto
2021-06-03,Transporte,13.0,Gasto
2021-06-05,Viajes - Viajes,94.0,Gasto
2021-06-12,Ocio - Restaurantes,22.0,Gasto
2021-06-15,Compras - Otros,50.0,Gasto
2021-06-19,Ocio - Cerveza,2.0,Gasto
2021-06-19,Ocio - Restaurantes,13.0,Gasto
2021-06-24,Ocio - Cerveza,2.0,Gasto
2021-06-29,Transporte,26.0,Gasto
2021-06-29,Transporte,63.0,Gasto
2021-06-29,Transporte,145.0,Gasto
2021-06-29,Nómina,2034.0,Ingreso
2021-06-30,Ocio - Restaurantes,40.0,Gasto
2021-06-30,Renta,1612.0,Gasto
2021-07-01,Móvil - Móvil,20.0,Gasto
2021-07-01,Transporte,14.0,Gasto
2021-07-01,Plataformas - Spotify,3.0,Gasto
2021-07-04,Ocio - Restaurantes,14.0,Gasto
2021-07-05,Ocio - Restaurantes,4.0,Gasto
2021-07-06,Xapa't,95.0,Ingreso
2021-07-06,Xapa't,100.0,Ingreso
2021-07-08,Xapa't,62.0,Ingreso
2021-07-11,Viajes - Viajes,100.0,Gasto
2021-07-12,Xapa't,50.0,Ingreso
2021-07-14,Ocio - Restaurantes,9.0,Gasto
2021-07-14,Compras - Regalos,6.0,Gasto
2021-07-17,Ocio - Restaurantes,14.0,Gasto
2021-07-18,Ocio - Cerveza,4.0,Gasto
2021-07-18,Ocio - Restaurantes,16.0,Gasto
2021-07-19,Plataformas - Playstation,9.0,Gasto
2021-07-20,Xapa't,50.0,Ingreso
2021-07-22,Ocio - Restaurantes,11.0,Gasto
2021-07-25,Xapa't,112.0,Ingreso
2021-07-29,Nómina,3039.53,Ingreso
2021-07-30,Ocio - Restaurantes,22.0,Gasto
2021-07-31,Nómina,277.0,Ingreso
2021-08-01,Plataformas - Spotify,3.0,Gasto
2021-08-01,Móvil - Móvil,20.0,Gasto
2021-08-03,Ocio - Restaurantes,10.0,Gasto
2021-08-07,Viajes - Viajes,100.0,Gasto
2021-08-14,Viajes - Viajes,187.41,Gasto
2021-08-14,Regalo/otro,150.0,Ingreso
2021-08-15,Ocio - Restaurantes,7.0,Gasto
2021-08-18,Plataformas - Playstation,9.0,Gasto
2021-08-21,Ocio - Restaurantes,34.0,Gasto
2021-08-26,Ocio - Restaurantes,8.0,Gasto
2021-08-26,Ocio - Restaurantes,17.5,Gasto
2021-08-28,Ocio - Restaurantes,20.0,Gasto
2021-08-29,Ocio - Restaurantes,3.1,Gasto
2021-08-31,Nómina,924.0,Ingreso
2021-09-01,Móvil - Móvil,20.0,Gasto
2021-09-01,Formación - Música,50.0,Gasto
2021-09-01,Plataformas - Spotify,3.0,Gasto
2021-09-01,Formación - Oposiciones,180.0,Gasto
2021-09-01,Compras - Tecnología,15.0,Gasto
2021-09-04,Ocio - Restaurantes,10.0,Gasto
2021-09-09,Ventas,15.0,Ingreso
2021-09-11,Ocio - Restaurantes,20.0,Gasto
2021-09-12,Ocio - Cerveza,5.0,Gasto
2021-09-17,Transporte,16.0,Gasto
2021-09-18,Ocio - Restaurantes,20.0,Gasto
2021-09-18,Compras - Cultura,15.0,Gasto
2021-09-18,Regalo/otro,35.0,Gasto
2021-09-20,Xapa't,30.0,Ingreso
2021-09-25,Ocio,40.0,Gasto
2021-09-25,Ventas,3.0,Ingreso
2021-09-29,Compras - Cultura,15.0,Gasto
2021-09-30,Nómina,924.0,Ingreso
2021-10-01,Plataformas - Spotify,32.0,Gasto
2021-10-01,Móvil - Móvil,20.0,Gasto
2021-10-01,Formación - Oposiciones,180.0,Gasto
2021-10-01,Formación - Música,30.0,Gasto
2021-10-01,Viajes - Viajes,30.0,Gasto
2021-10-05,Ventas,3.0,Ingreso
2021-10-07,Xapa't,70.0,Ingreso
2021-10-08,Ventas,3.0,Ingreso
2021-10-11,Viajes - Viajes,73.0,Gasto
2021-10-15,Ventas,100.0,Ingreso
2021-10-15,Ventas,50.0,Ingreso
2021-10-15,Ocio - Restaurantes,8.0,Gasto
2021-10-17,Ocio - Restaurantes,15.0,Gasto
2021-10-18,Ventas,5.0,Ingreso
2021-10-18,Ventas,15.0,Ingreso
2021-10-18,Ventas,8.0,Ingreso
2021-10-18,Ventas,20.0,Ingreso
2021-10-19,Ventas,10.0,Ingreso
2021-10-21,Ventas,5.0,Ingreso
2021-10-24,Compras - Cultura,20.0,Gasto
2021-10-24,Viajes - Viajes,66.0,Gasto
2021-10-24,Compras - Tecnología,27.0,Gasto
2021-10-25,Ventas,60.0,Ingreso
2021-10-28,Compras - Ropa y calzado,62.0,Gasto
2021-10-28,Compras - Cultura,10.0,Gasto
2021-10-30,Ocio - Restaurantes,4.0,Gasto
2021-10-31,Nómina,924.0,Ingreso
2021-10-31,Ocio - Restaurantes,30.0,Gasto
2021-11-01,Móvil,20.0,Gasto
2021-11-01,Formación - Oposiciones,180.0,Gasto
2021-11-01,Formación - Música,40.0,Gasto
2021-11-03,Xapa't,290.0,Ingreso
2021-11-05,Transporte,34.0,Gasto
2021-11-07,Ocio - Restaurantes,25.0,Gasto
2021-11-09,Transporte,16.0,Gasto
2021-11-13,Plataformas - Otras,9.0,Gasto
2021-11-13,Ventas,20.0,Ingreso
2021-11-19,Compras - Tecnología,22.0,Gasto
2021-11-20,Ventas,20.0,Ingreso
2021-11-21,Compras - Ropa y calzado,23.0,Gasto
2021-11-21,Ocio - Cerveza,10.0,Gasto
2021-11-22,Transporte,15.0,Gasto
2021-11-28,Viajes - Viajes,100.0,Gasto
2021-11-28,Compras - Ropa y calzado,70.0,Gasto
2021-11-28,Compras - Tecnología,20.0,Gasto
2021-11-30,Compras - Otros,25.0,Gasto
2021-12-01,Formación - Oposiciones,180.0,Gasto
2021-12-01,Móvil - Móvil,20.0,Gasto
2021-12-01,Formación - Música,40.0,Gasto
2021-12-05,Ocio - Restaurantes,10.0,Gasto
2021-12-07,Ocio - Restaurantes,18.0,Gasto
2021-12-07,Ocio - Restaurantes,22.0,Gasto
2021-12-07,Ocio - Restaurantes,12.0,Gasto
2021-12-11,Compras - Otros,60.0,Gasto
2021-12-11,Ocio - Restaurantes,10.5,Gasto
2021-12-11,Transporte,16.0,Gasto
2021-12-18,Ocio - Restaurantes,30.0,Gasto
2021-12-19,Compras - Otros,9.0,Gasto
2021-12-19,Ocio - Cerveza,4.0,Gasto
2021-12-26,Renta,60.0,Gasto
2021-12-26,Ocio - Restaurantes,36.0,Gasto
2021-12-26,Ocio - Restaurantes,20.0,Gasto
2021-12-27,Compras - Otros,34.0,Gasto
2021-12-31,Regalo/otro,500.0,Gasto
2022-01-03,Transporte,16.0,Gasto
2022-01-03,Ocio - Restaurantes,20.0,Gasto
2022-01-03,Xapa't,14.0,Ingreso
2022-01-03,Móvil - Móvil,20.0,Gasto
2022-01-09,Formación - Música,20.0,Gasto
2022-01-09,Formación - Oposiciones,220.0,Gasto
2022-01-09,Compras - Ropa y calzado,60.0,Gasto
2022-01-10,Ventas,20.0,Ingreso
2022-01-14,Compras - Tecnología,13.0,Gasto
2022-01-21,Xapa't,8.0,Ingreso
2022-01-24,Viajes - Viajes,90.0,Gasto
2022-01-28,Nómina,3913.0,Ingreso
2022-02-01,Formación - Oposiciones,50.0,Gasto
2022-02-04,Formación - Oposiciones,180.0,Gasto
2022-02-04,Formación - Música,40.0,Gasto
2022-02-04,Móvil - Móvil,20.0,Gasto
2022-02-09,Transporte,80.0,Gasto
2022-02-09,Plataformas - Otras,18.0,Gasto
2022-02-11,Xapa't,50.0,Ingreso
2022-02-15,Viajes - Viajes,50.0,Gasto
2022-02-20,Compras - Otros,90.0,Gasto
2022-02-20,Ocio - Restaurantes,17.0,Gasto
2022-02-20,Ocio - Restaurantes,12.5,Gasto
2022-02-24,Nómina,1817.0,Ingreso
2022-02-24,Transporte,16.0,Gasto
2022-02-24,Ocio - Restaurantes,7.0,Gasto
2022-02-28,Ocio - Restaurantes,23.0,Gasto
2022-03-01,Formación - Oposiciones,180.0,Gasto
2022-03-01,Formación - Música,30.0,Gasto
2022-03-01,Móvil - Móvil,20.0,Gasto
2022-03-01,Plataformas - Otras,2.0,Gasto
2022-03-05,Regalo/otro,38.0,Gasto
2022-03-05,Compras - Otros,50.0,Gasto
2022-03-19,Ocio - Restaurantes,60.0,Gasto
2022-03-19,Xapa't,95.0,Ingreso
2022-03-27,Viajes - Viajes,100.0,Gasto
2022-03-27,Xapa't,113.0,Ingreso
2022-03-29,Transporte,18.0,Gasto
2022-03-30,Nómina,1000.0,Ingreso
2022-04-01,Formación - Oposiciones,180.0,Gasto
2022-04-01,Formación - Música,30.0,Gasto
2022-04-01,Móvil - Móvil,20.0,Gasto
2022-04-03,Ocio - Restaurantes,30.0,Gasto
2022-04-03,Ocio - Restaurantes,7.5,Gasto
2022-04-10,Ocio - Cerveza,10.0,Gasto
2022-04-10,Ocio - Restaurantes,40.0,Gasto
2022-04-14,Ocio - Restaurantes,40.0,Gasto
2022-04-17,Regalo/otro,50.0,Ingreso
2022-04-17,Ocio - Restaurantes,30.0,Gasto
2022-04-25,Ocio - Restaurantes,22.0,Gasto
2022-04-25,Ocio - Restaurantes,4.0,Gasto
2022-04-25,Ocio - Restaurantes,7.0,Gasto
2022-04-28,Transporte,16.0,Gasto
2022-04-28,Nómina,2093.0,Ingreso
2022-05-01,Formación - Música,40.0,Gasto
2022-05-01,Móvil - Móvil,20.0,Gasto
2022-05-01,Formación - Oposiciones,180.0,Gasto
2022-05-01,Compras - Otros,150.0,Gasto
2022-05-01,Ocio - Restaurantes,7.0,Gasto
2022-05-02,Ocio - Restaurantes,22.0,Gasto
2022-05-07,Ocio - Restaurantes,6.0,Gasto
2022-05-15,Ocio - Restaurantes,20.0,Gasto
2022-05-16,Ocio - Cerveza,5.0,Gasto
2022-05-17,Xapa't,113.0,Ingreso
2022-05-22,Ocio - Restaurantes,40.0,Gasto
2022-05-22,Xapa't,37.0,Ingreso
2022-05-26,Transporte,17.0,Gasto
2022-05-26,Regalo/otro,20.0,Gasto
2022-05-26,Ocio - Restaurantes,10.0,Gasto
2022-05-26,Ocio - Restaurantes,33.0,Gasto
2022-05-27,Nómina,2207.0,Ingreso
2022-06-04,Plataformas - Otras,2.0,Gasto
2022-06-04,Ocio - Restaurantes,22.0,Gasto
2022-06-04,Transporte,143.0,Gasto
2022-06-04,Regalo/otro,5.0,Gasto
2022-06-04,Móvil,20.0,Gasto
2022-06-10,Renta,1106.0,Gasto
2022-06-13,Ocio - Restaurantes,22.0,Gasto
2022-06-13,Formación - Música,40.0,Gasto
2022-06-22,Ocio - Restaurantes,68.0,Gasto
2022-06-24,Compras - Tecnología,60.0,Gasto
2022-06-26,Ocio - Restaurantes,17.0,Gasto
2022-06-27,Transporte,70.0,Gasto
2022-06-28,Xapa't,103.0,Ingreso
2022-06-29,Nómina,2262.0,Ingreso
2022-06-30,Nómina,431.0,Ingreso
2022-07-01,Formación - Música,20.0,Gasto
2022-07-01,Plataformas - Otras,2.0,Gasto
2022-07-01,Móvil - Móvil,20.0,Gasto
2022-07-04,Ocio - Restaurantes,10.0,Gasto
2022-07-05,Xapa't,110.0,Ingreso
2022-07-07,Transporte,24.74,Gasto
2022-07-11,Ocio,25.0,Gasto
2022-07-18,Ocio,5.0,Gasto
2022-07-22,Xapa't,30.0,Ingreso
2022-07-23,Compras - Ropa y calzado,130.0,Gasto
2022-07-29,Nómina,1460.0,Ingreso
2022-07-31,Nómina,924.0,Ingreso
2022-08-01,Hogar - Seguro hogar,27.0,Gasto
2022-08-01,Hogar - Seguro vida,18.0,Gasto
2022-08-01,Móvil,20.0,Gasto
2022-08-01,Plataformas,2.0,Gasto
2022-08-01,Hogar - Hipoteca,209.0,Gasto
2022-08-02,Ocio,17.0,Gasto
2022-08-15,Xapa't,82.0,Ingreso
2022-08-15,Xapa't,135.0,Ingreso
2022-08-15,Regalo/otro,50.0,Ingreso
2022-08-15,Viajes - Viajes,500.0,Gasto
2022-08-19,Ocio - Restaurantes,14.0,Gasto
2022-08-31,Nómina,924.0,Ingreso
2022-09-01,Hogar - Seguro hogar,27.0,Gasto
2022-09-01,Hogar - Seguro vida,18.0,Gasto
2022-09-01,Hogar - Hipoteca,209.0,Gasto
2022-09-05,Compras - Tecnología,650.0,Gasto
2022-09-05,Plataformas - Otras,2.0,Gasto
2022-09-05,Ocio - Restaurantes,30.0,Gasto
2022-09-05,Móvil - Móvil,20.0,Gasto
2022-09-06,Xapa't,203.0,Ingreso
2022-09-08,Ocio - Restaurantes,12.0,Gasto
2022-09-09,Plataformas - Playstation,60.0,Gasto
2022-09-09,Compras - Tecnología,80.0,Gasto
2022-09-10,Ocio - Restaurantes,14.5,Gasto
2022-09-20,Transporte,17.0,Gasto
2022-09-20,Ocio - Restaurantes,7.0,Gasto
2022-09-21,Xapa't,82.0,Ingreso
2022-09-21,Xapa't,51.0,Ingreso
2022-09-21,Regalo/otro,100.0,Gasto
2022-09-25,Ocio - Restaurantes,248.0,Gasto
2022-09-27,Ventas,170.0,Ingreso
2022-09-30,Nómina,927.0,Ingreso
2022-10-01,Hogar - Cuenta,200.0,Gasto
2022-10-01,Hogar - Seguro vida,18.0,Gasto
2022-10-01,Hogar - Hipoteca,209.0,Gasto
2022-10-01,Hogar - Seguro hogar,27.0,Gasto
2022-10-04,Formación - Oposiciones,44.0,Gasto
2022-10-04,Xapa't,1.0,Ingreso
2022-10-11,Ocio - Restaurantes,14.0,Gasto
2022-10-11,Deporte - Deporte,28.0,Gasto
2022-10-12,Ocio - Restaurantes,25.0,Gasto
2022-10-22,Ocio - Restaurantes,10.0,Gasto
2022-10-25,Compras - Tecnología,30.0,Gasto
2022-10-25,Compras - Otros,70.0,Gasto
2022-10-25,Compras - Ropa y calzado,445.0,Gasto
2022-10-28,Compras - Ropa y calzado,64.0,Gasto
2022-10-29,Ocio - Restaurantes,18.0,Gasto
2022-10-29,Nómina,924.0,Ingreso
2022-11-01,Hogar - Hipoteca,209.0,Gasto
2022-11-01,Regalo/otro,200.0,Gasto
2022-11-01,Deporte - Deporte,28.0,Gasto
2022-11-01,Hogar - Seguro hogar,27.0,Gasto
2022-11-01,Hogar - Seguro vida,18.0,Gasto
2022-11-01,Hogar - Cuenta,200.0,Gasto
2022-11-05,Compras - Tecnología,300.0,Gasto
2022-11-10,Regalo/otro,44.0,Ingreso
2022-11-15,Transporte,17.0,Gasto
2022-11-25,Compras - Tecnología,58.0,Gasto
2022-11-25,Compras - Ropa y calzado,40.0,Gasto
2022-11-30,Nómina,924.0,Ingreso
2022-12-01,Ocio - Restaurantes,5.0,Gasto
2022-12-01,Hogar - Seguro hogar,27.0,Gasto
2022-12-01,Hogar - Hipoteca,209.0,Gasto
2022-12-01,Hogar - Cuenta,200.0,Gasto
2022-12-01,Deporte - Deporte,28.0,Gasto
2022-12-01,Hogar - Seguro vida,18.0,Gasto
2022-12-10,Compras - Otros,8.0,Gasto
2022-12-19,Ocio - Restaurantes,24.0,Gasto
2022-12-23,Ocio - Restaurantes,40.0,Gasto
2022-12-24,Nómina,140.0,Ingreso
2022-12-31,Ocio - Restaurantes,28.0,Gasto
2023-01-01,Deporte - Deporte,28.0,Gasto
2023-01-01,Hogar - Cuenta,200.0,Gasto
2023-01-01,Hogar - Seguro hogar,27.0,Gasto
2023-01-01,Nómina,333.0,Ingreso
2023-01-01,Transporte,17.0,Gasto
2023-01-01,Xapa't,180.0,Ingreso
2023-01-01,Xapa't,82.0,Ingreso
2023-01-01,Xapa't,240.0,Ingreso
2023-01-01,Compras - Otros,2.0,Gasto
2023-01-01,Xapa't,37.0,Gasto
2023-01-01,Xapa't,40.0,Ingreso
2023-01-01,Xapa't,40.0,Ingreso
2023-01-01,Regalo/otro,700.0,Gasto
2023-01-01,Ventas,170.0,Ingreso
2023-01-01,Transporte,150.0,Gasto
2023-01-01,Regalo/otro,150.0,Ingreso
2023-01-01,Xapa't,14.0,Gasto
2023-01-01,Hogar - Seguro vida,18.0,Gasto
2023-01-01,Transporte,25.0,Gasto
2023-01-01,Hogar - Hipoteca,209.0,Gasto
2023-01-01,Transporte,66.0,Gasto
2023-02-01,Ocio,25.0,Gasto
2023-02-01,Regalo/otro,50.0,Ingreso
2023-02-01,Transporte,18.0,Gasto
2023-02-01,Ventas,190.0,Ingreso
2023-02-01,Regalo/otro,150.0,Ingreso
2023-02-01,Compras - Otros,90.0,Gasto
2023-02-01,Xapa't,111.0,Ingreso
2023-02-01,Xapa't,112.0,Gasto
2023-02-01,Nómina,1848.0,Ingreso
2023-02-01,Ventas,50.0,Ingreso
2023-02-01,Compras - Regalos,30.0,Gasto
2023-02-01,Hogar - Seguro vida,18.0,Gasto
2023-02-01,Hogar - Seguro hogar,27.0,Gasto
2023-02-01,Hogar - Hipoteca,209.0,Gasto
2023-02-01,Deporte - Deporte,27.0,Gasto
2023-02-01,Ocio - Restaurantes,17.0,Gasto
2023-02-01,Hogar - Cuenta,200.0,Gasto
2023-03-01,Ocio - Restaurantes,12.0,Gasto
2023-03-01,Hogar - Hipoteca,209.0,Gasto
2023-03-01,Ocio - Restaurantes,15.0,Gasto
2023-03-01,Hogar - Seguro hogar,27.0,Gasto
2023-03-01,Hogar - Cuenta,200.0,Gasto
2023-03-01,Deporte - Deporte,27.0,Gasto
2023-03-01,Ocio - Restaurantes,13.0,Gasto
2023-03-01,Xapa't,330.0,Ingreso
2023-03-01,Hogar - Seguro vida,18.0,Gasto
2023-03-01,Xapa't,82.0,Ingreso
2023-03-01,Xapa't,8.0,Gasto
2023-03-01,Ocio - Restaurantes,8.0,Gasto
2023-03-01,Xapa't,111.0,Gasto
2023-03-01,Ocio - Restaurantes,90.0,Gasto
2023-03-01,Compras - Ropa y calzado,170.0,Gasto
2023-03-01,Xapa't,39.0,Gasto
2023-03-01,Xapa't,12.0,Gasto
2023-03-01,Nómina,1087.0,Ingreso
2023-03-01,Compras,170.0,Gasto
2023-03-01,Xapa't,66.0,Ingreso
2023-03-01,Regalo/otro,50.0,Ingreso
2023-04-01,Compras - Otros,60.0,Gasto
2023-04-01,Hogar - Hipoteca,209.0,Gasto
2023-04-01,Ocio - Restaurantes,25.0,Gasto
2023-04-01,Ocio - Restaurantes,3.0,Gasto
2023-04-01,Regalo/otro,500.0,Ingreso
2023-04-01,Viajes - Viajes,206.0,Gasto
2023-04-01,Deporte - Deporte,27.0,Gasto
2023-04-01,Hogar - Cuenta,200.0,Gasto
2023-04-01,Hogar - Seguro hogar,27.0,Gasto
2023-04-01,Transporte,18.0,Gasto
2023-04-01,Nómina,1087.0,Ingreso
2023-04-01,Ocio - Restaurantes,4.5,Gasto
2023-04-01,Compras - Otros,90.0,Gasto
2023-04-01,Hogar - Seguro vida,18.0,Gasto
2023-04-01,Ocio - Restaurantes,9.0,Gasto
2023-05-01,Hogar - Hipoteca,209.0,Gasto
2023-05-01,Ocio - Restaurantes,13.0,Gasto
2023-05-01,Ventas,23.0,Ingreso
2023-05-01,Deporte,15.0,Gasto
2023-05-01,Regalo/otro,15.0,Gasto
2023-05-01,Deporte - Deporte,27.0,Gasto
2023-05-01,Hogar - Cuenta,200.0,Gasto
2023-05-01,Hogar - Seguro hogar,27.0,Gasto
2023-05-01,Hogar - Seguro vida,18.0,Gasto
2023-05-01,Compras,670.0,Gasto
2023-05-01,Ocio - Restaurantes,8.0,Gasto
2023-05-01,Ventas,400.0,Ingreso
2023-05-01,Nómina,1087.0,Ingreso
2023-06-01,Transporte,18.0,Gasto
2023-06-01,Ventas,125.0,Ingreso
2023-06-01,Hogar - Seguro vida,18.0,Gasto
2023-06-01,Hogar - Seguro hogar,27.0,Gasto
2023-06-01,Hogar - Cuenta,200.0,Gasto
2023-06-01,Deporte - Deporte,15.0,Gasto
2023-06-01,Compras - Cultura,10.0,Gasto
2023-06-01,Compras - Ropa y calzado,100.0,Gasto
2023-06-01,Ocio - Restaurantes,50.0,Gasto
2023-06-01,Ventas,30.0,Ingreso
2023-06-01,Transporte,154.0,Gasto
2023-06-01,Nómina,2578.0,Ingreso
2023-06-01,Xapa't,8.0,Gasto
2023-06-01,Renta,1446.0,Gasto
2023-06-01,Ocio - Restaurantes,22.0,Gasto
2023-06-01,Hogar - Hipoteca,209.0,Gasto
2023-06-01,Xapa't,82.0,Ingreso
2023-07-01,Nómina,200.0,Ingreso
2023-07-01,Regalo/otro,50.0,Gasto
2023-07-01,Nómina,50.0,Ingreso
2023-07-01,Hogar - Otros,74.0,Gasto
2023-07-01,Ocio - Restaurantes,14.0,Gasto
2023-07-01,Hogar - Otros,100.0,Gasto
2023-07-01,Ocio - Restaurantes,12.0,Gasto
2023-07-01,Ventas,100.0,Ingreso
2023-07-01,Ocio - Restaurantes,20.0,Gasto
2023-07-01,Ocio - Restaurantes,12.0,Gasto
2023-07-01,Ocio - Restaurantes,20.0,Gasto
2023-07-01,Hogar - Cuenta,200.0,Gasto
2023-07-01,Xapa't,165.0,Ingreso
2023-07-01,Hogar - Hipoteca,209.0,Gasto
2023-07-01,Hogar - Seguro vida,18.0,Gasto
2023-07-01,Xapa't,14.0,Gasto
2023-07-01,Deporte - Deporte,15.0,Gasto
2023-07-01,Hogar - Otros,350.0,Gasto
2023-07-01,Hogar - Seguro hogar,27.0,Gasto
2023-08-01,Hogar - Otros,200.0,Gasto
2023-08-01,Deporte - Deporte,15.0,Gasto
2023-08-01,Hogar - Hipoteca,209.0,Gasto
2023-08-01,Hogar - Seguro vida,18.0,Gasto
2023-08-01,Transporte,750.0,Gasto
2023-08-01,Hogar - Otros,180.0,Gasto
2023-08-01,Nómina,100.0,Ingreso
2023-08-01,Ocio - Restaurantes,18.0,Gasto
2023-08-01,Viajes - Viajes,222.0,Gasto
2023-08-01,Ocio - Restaurantes,18.0,Gasto
2023-08-01,Ocio - Restaurantes,33.0,Gasto
2023-08-01,Nómina,200.0,Ingreso
2023-08-01,Hogar - Cuenta,200.0,Gasto
2023-08-01,Hogar - Seguro hogar,27.0,Gasto
2023-08-01,Viajes - Viajes,200.0,Gasto
2023-08-01,Ventas,15.0,Ingreso
2023-12-30,Ocio - Restaurantes,20.0,Gasto
2023-12-31,Nómina,924.0,Ingreso
2024-01-01,Regalo/otro,50.0,Ingreso
2024-01-01,Hogar - Cuenta,200.0,Gasto
2024-01-01,Hogar - Seguro hogar,27.0,Gasto
2024-01-01,Hogar - Seguro vida,18.0,Gasto
2024-01-01,Transporte,115.0,Gasto
2024-01-01,Ventas,5833.0,Ingreso
2024-01-01,Nómina,1831.0,Ingreso
2024-01-01,Regalo/otro,571.0,Gasto
2024-01-01,Compras,31.0,Gasto
2024-01-01,Ocio,89.0,Gasto
2024-01-01,Hogar - Hipoteca,209.0,Gasto
2024-01-01,Deporte,15.0,Gasto
2024-02-01,Hogar - Seguro hogar,27.0,Gasto
2024-02-01,Hogar - Hipoteca,209.0,Gasto
2024-02-01,Nómina,1910.0,Ingreso
2024-02-01,Deporte,15.0,Gasto
2024-02-01,Xapa't,61.0,Gasto
2024-02-01,Transporte,15.0,Gasto
2024-02-01,Viajes,54.0,Gasto
2024-02-01,Compras,37.0,Gasto
2024-02-01,Ocio,74.0,Gasto
2024-02-01,Hogar - Seguro vida,18.0,Gasto
2024-02-01,Hogar - Cuenta,200.0,Gasto
2024-02-01,Xapa't,154.0,Ingreso
2024-03-01,Deporte,15.0,Gasto
2024-03-01,Compras,89.0,Gasto
2024-03-01,Nómina,1840.0,Ingreso
2024-03-01,Ocio,137.0,Gasto
2024-03-01,Hogar - Hipoteca,209.0,Gasto
2024-03-01,Hogar - Seguro vida,18.0,Gasto
2024-03-01,Hogar - Seguro hogar,27.0,Gasto
2024-03-01,Hogar - Cuenta,200.0,Gasto
2024-04-01,Hogar - Seguro hogar,27.0,Gasto
2024-04-01,Compras,202.0,Gasto
2024-04-01,Xapa't,154.0,Gasto
2024-04-01,Ocio,166.0,Gasto
2024-04-01,Hogar - Seguro vida,18.0,Gasto
2024-04-01,Regalo/otro,50.0,Ingreso
2024-04-01,Viajes,85.0,Gasto
2024-04-01,Transporte,80.0,Gasto
2024-04-01,Xapa't,328.0,Ingreso
2024-04-01,Nómina,5355.0,Ingreso
2024-04-01,Hogar - Hipoteca,209.0,Gasto
2024-04-01,Deporte,15.0,Gasto
2024-04-01,Hogar - Cuenta,200.0,Gasto
2024-05-01,Hogar - Hipoteca,209.0,Gasto
2024-05-01,Hogar - Seguro hogar,27.0,Gasto
2024-05-01,Viajes,50.0,Gasto
2024-05-01,Hogar - Seguro vida,18.0,Gasto
2024-05-01,Compras,178.0,Gasto
2024-05-01,Hogar - Cuenta,200.0,Gasto
2024-05-01,Deporte,15.0,Gasto
2024-05-01,Renta,462.0,Ingreso
2024-05-01,Nómina,2855.0,Ingreso
2024-05-01,Regalo/otro,19.0,Gasto
2024-05-01,Ocio,101.0,Gasto
2024-06-01,Compras,125.0,Gasto
2024-06-01,Transporte,50.0,Gasto
2024-06-01,Hogar - Seguro hogar,27.0,Gasto
2024-06-01,Deporte,15.0,Gasto
2024-06-01,Hogar - Seguro vida,18.0,Gasto
2024-06-01,Ocio,186.0,Gasto
2024-06-01,Hogar - Cuenta,200.0,Gasto
2024-06-01,Hogar - Hipoteca,209.0,Gasto
2024-07-01,Compras,63.0,Gasto
2024-07-01,Transporte,30.0,Gasto
2024-07-01,Viajes,551.0,Gasto
2024-07-01,Hogar - Seguro vida,18.0,Gasto
2024-07-01,Hogar - Hipoteca,209.0,Gasto
2024-07-01,Hogar - Seguro hogar,27.0,Gasto
2024-07-01,Ocio,354.0,Gasto
2024-07-01,Xapa't,362.0,Ingreso
2024-07-01,Nómina,866.0,Ingreso
2024-07-01,Hogar - Cuenta,200.0,Gasto
2024-07-01,Deporte,37.0,Gasto
2024-07-01,Xapa't,318.0,Gasto
2024-08-01,Compras,9.0,Gasto
2024-08-01,Deporte,59.0,Gasto
2024-08-01,Nómina,1082.0,Ingreso
2024-08-01,Hogar - Hipoteca,209.0,Gasto
2024-08-01,Hogar - Cuenta,273.0,Gasto
2024-08-01,Hogar - Seguro hogar,27.0,Gasto
2024-08-01,Hogar - Seguro vida,18.0,Gasto
2024-08-01,Ocio,55.0,Gasto
2024-09-01,Deporte,80.0,Gasto
2024-09-01,Hogar - Hipoteca,209.0,Gasto
2024-09-01,Hogar - Cuenta,200.0,Gasto
2024-09-01,Transporte,3988.0,Gasto
2024-09-01,Hogar - Seguro hogar,27.0,Gasto
2024-09-01,Compras,70.0,Gasto
2024-09-01,Nómina,1618.0,Ingreso
2024-09-01,Ocio,175.0,Gasto
2024-09-01,Hogar - Seguro vida,18.0,Gasto
2024-10-01,Deporte,60.0,Gasto
2024-10-01,Ocio,35.0,Gasto
2024-10-01,Nómina,1718.0,Ingreso
2024-10-01,Transporte,10.0,Gasto
2024-10-01,Hogar - Seguro hogar,27.0,Gasto
2024-10-01,Plataformas,36.0,Gasto
2024-10-01,Hogar - Cuenta,200.0,Gasto
2024-10-01,Hogar - Hipoteca,209.0,Gasto
2024-10-01,Compras,295.0,Gasto
2024-10-01,Hogar - Seguro vida,18.0,Gasto
2024-11-01,Ocio,30.0,Gasto
2024-11-01,Deporte,60.0,Gasto
2024-11-01,Nómina,1876.0,Ingreso
2024-11-01,Hogar - Hipoteca,209.0,Gasto
2024-11-01,Hogar - Seguro vida,18.0,Gasto
2024-11-01,Hogar - Seguro hogar,27.0,Gasto
2024-11-01,Transporte,16.0,Gasto
2024-11-01,Hogar - Cuenta,200.0,Gasto
2024-12-01,Nómina,2936.0,Ingreso
2024-12-01,Ocio,80.0,Gasto
2024-12-01,Transporte,30.0,Gasto
2024-12-01,Deporte,15.0,Gasto
2024-12-01,Hogar - Seguro hogar,27.0,Gasto
2024-12-01,Hogar - Seguro vida,18.0,Gasto
2024-12-01,Hogar - Hipoteca,209.0,Gasto
2024-12-01,Compras,140.0,Gasto
2024-12-01,Hogar - Cuenta,200.0,Gasto
2025-01-01,Hogar - Hipoteca,209.0,Gasto
2025-01-01,Ocio,31.0,Gasto
2025-01-01,Deporte,15.0,Gasto
2025-01-01,Plataformas,12.0,Gasto
2025-01-01,Nómina,1900.0,Ingreso
2025-01-01,Transporte,44.0,Gasto
2025-01-01,Hogar - Seguro vida,18.0,Gasto
2025-01-01,Hogar - Seguro hogar,27.0,Gasto
2025-01-01,Hogar - Cuenta,200.0,Gasto
2025-02-01,Deporte,15.0,Gasto
2025-02-01,Hogar - Cuenta,200.0,Gasto
2025-02-01,Plataformas,12.0,Gasto
2025-02-01,Hogar - Seguro vida,18.0,Gasto
2025-02-01,Hogar - Hipoteca,209.0,Gasto
2025-02-01,Nómina,1900.0,Ingreso
2025-02-01,Transporte,38.0,Gasto
2025-02-01,Ocio,9.0,Gasto
2025-02-01,Hogar - Seguro hogar,27.0,Gasto
2025-03-01,Hogar - Cuenta,200.0,Gasto
2025-03-01,Hogar - Seguro hogar,27.0,Gasto
2025-03-01,Hogar - Seguro vida,18.0,Gasto
2025-03-01,Nómina,1900.0,Ingreso
2025-03-01,Plataformas,12.0,Gasto
2025-03-01,Deporte,15.0,Gasto
2025-03-01,Transporte,90.0,Gasto
2025-03-01,Hogar - Hipoteca,209.0,Gasto
2025-04-01,Hogar - Seguro hogar,27.0,Gasto
2025-04-01,Nómina,1900.0,Ingreso
2025-04-01,Hogar - Cuenta,200.0,Gasto
2025-04-01,Plataformas,33.0,Gasto
2025-04-01,Hogar - Seguro vida,18.0,Gasto
2025-04-01,Regalo/otro,50.0,Ingreso
2025-04-01,Viajes,200.0,Gasto
2025-04-01,Deporte,15.0,Gasto
2025-04-01,Compras,65.0,Gasto
2025-04-01,Ocio,59.0,Gasto
2025-04-01,Transporte,100.0,Gasto
2025-04-01,Hogar - Hipoteca,209.0,Gasto
2025-05-01,Ocio,272.0,Gasto
2025-05-01,Hogar - Cuenta,200.0,Gasto
2025-05-01,Hogar - Seguro hogar,27.0,Gasto
2025-05-01,Nómina,1900.0,Ingreso
2025-05-01,Deporte,15.0,Gasto
2025-05-01,Transporte,20.0,Gasto
2025-05-01,Hogar - Hipoteca,209.0,Gasto
2025-05-01,Hogar - Seguro vida,18.0,Gasto
2025-06-01,Hogar - Cuenta,200.0,Gasto
2025-06-01,Ocio,582.0,Gasto
2025-06-01,Nómina,1900.0,Ingreso
2025-06-01,Hogar - Seguro hogar,27.0,Gasto
2025-06-01,Renta,610.0,Gasto
2025-06-01,Hogar - Hipoteca,209.0,Gasto
2025-06-01,Hogar - Seguro vida,18.0,Gasto
2025-06-01,Deporte,15.0,Gasto
2025-06-01,Transporte,20.0,Gasto
2025-07-01,Deporte,15.0,Gasto
2025-07-01,Nómina,5596.0,Ingreso
2025-07-01,Transporte,20.0,Gasto
2025-07-01,Ocio,551.0,Gasto
2025-07-01,Hogar - Cuenta,200.0,Gasto
2025-07-01,Hogar - Seguro hogar,27.0,Gasto
2025-07-01,Hogar - Seguro vida,18.0,Gasto
2025-07-01,Hogar - Hipoteca,209.0,Gasto
2025-08-01,Deporte,15.0,Gasto
2025-08-01,Hogar - Cuenta,200.0,Gasto
2025-08-01,Hogar - Seguro hogar,27.0,Gasto
2025-08-01,Hogar - Seguro vida,18.0,Gasto
2025-08-01,Hogar - Hipoteca,209.0,Gasto
2025-08-01,Transporte,20.0,Gasto
2025-08-01,Nómina,1000.0,Ingreso
2025-08-01,Ocio,1478.0,Gasto
2025-09-01,Hogar - Hipoteca,209.0,Gasto
2025-09-01,Deporte,15.0,Gasto
2025-09-01,Transporte,175.0,Gasto
2025-09-01,Regalo/otro,1761.0,Ingreso
2025-09-01,Hogar - Cuenta,200.0,Gasto
2025-09-01,Hogar - Seguro hogar,27.0,Gasto
2025-09-01,Hogar - Seguro vida,18.0,Gasto
2025-09-01,Nómina,1300.0,Ingreso
2025-09-01,Ocio,455.0,Gasto
2025-10-01,Ocio,661.0,Gasto
2025-10-01,Hogar - Seguro vida,18.0,Gasto
2025-10-01,Nómina,2000.0,Ingreso
2025-10-01,Hogar - Cuenta,200.0,Gasto
2025-10-01,Transporte,191.0,Gasto
2025-10-01,Hogar - Hipoteca,209.0,Gasto
2025-10-01,Deporte,15.0,Gasto
2025-10-01,Hogar - Seguro hogar,27.0,Gasto
2025-11-01,Compras,80.0,Gasto
2025-11-01,Plataformas,19.0,Gasto
2025-11-01,Ocio,428.0,Gasto
2025-11-01,Deporte,15.0,Gasto
2025-11-01,Nómina,2000.0,Ingreso
2025-11-01,Transporte,29.0,Gasto
2025-11-01,Hogar - Cuenta,200.0,Gasto
2025-11-01,Hogar - Seguro hogar,27.0,Gasto
2025-11-01,Hogar - Hipoteca,209.0,Gasto
2025-11-01,Hogar - Seguro vida,18.0,Gasto
2025-12-01,Transporte,40.0,Gasto
2025-12-01,Hogar - Seguro vida,18.0,Gasto
2025-12-01,Hogar - Hipoteca,209.0,Gasto
2025-12-01,Hogar - Cuenta,200.0,Gasto
2025-12-01,Compras,310.0,Gasto
2025-12-01,Plataformas,21.0,Gasto
2025-12-01,Deporte,15.0,Gasto
2025-12-01,Hogar - Seguro hogar,27.0,Gasto
2025-12-01,Nómina,2222.0,Ingreso
2025-12-01,Ocio,77.0,Gasto
2026-01-01,Deporte - Deporte,15.0,Gasto
2026-01-01,Hogar - Cuenta,200.0,Gasto
2026-01-01,Hogar - Seguro hogar,27.0,Gasto
2026-01-01,Hogar - Seguro vida,18.0,Gasto
2026-01-01,Transporte,30.0,Gasto
2026-01-01,Plataformas - Otras,30.0,Gasto
2026-01-01,Hogar - Hipoteca,209.0,Gasto
2026-01-01,Regalo/otro - Regalos,120.0,Ingreso
2026-01-01,Nómina,1917.0,Ingreso
2026-01-01,Transporte,40.0,Gasto
2026-01-01,Ocio - Restaurantes,26.0,Gasto
2026-01-01,Ocio - Restaurantes,45.0,Gasto
2026-01-01,Transporte,9.0,Gasto
2026-01-01,Regalo/otro - Regalos,756.0,Gasto
2026-02-01,Deporte - Deporte,15.0,Gasto
2026-02-01,Compras - Ropa y calzado,130.0,Gasto
2026-02-01,Plataformas - Otras,30.0,Gasto
2026-02-01,Transporte,30.0,Gasto
2026-02-01,Hogar - Cuenta,200.0,Gasto
2026-02-01,Compras - Ropa y calzado,116.0,Gasto
2026-02-01,Hogar - Seguro hogar,27.0,Gasto
2026-02-01,Compras - Tecnología,50.0,Gasto
2026-02-01,Hogar - Seguro vida,18.0,Gasto
2026-02-01,Hogar - Hipoteca,209.0,Gasto
2026-02-01,Transporte,9.0,Gasto
2026-02-01,Ocio - Comedor,50.0,Gasto
2026-02-01,Transporte,8.0,Gasto
2026-02-01,Compras - Otros,22.0,Gasto
2026-02-01,Ocio - Restaurantes,183.0,Gasto
2026-02-01,Nómina,2543.0,Ingreso
2026-02-01,Deporte - Deporte,45.0,Gasto
2026-02-01,Compras - Ropa y calzado,90.0,Gasto
2026-03-01,Deporte - Deporte,15.0,Gasto
2026-03-01,Hogar - Cuenta,200.0,Gasto
2026-03-01,Hogar - Seguro hogar,27.0,Gasto
2026-03-01,Hogar - Seguro vida,18.0,Gasto
2026-03-01,Hogar - Hipoteca,209.0,Gasto
2026-03-01,Deporte - Deporte,45.0,Gasto
2026-03-01,Transporte,30.0,Gasto
2026-03-01,Nómina,2054.0,Ingreso
2026-03-01,Ocio - Restaurantes,90.0,Gasto
2026-03-01,Transporte,100.0,Gasto
2026-03-01,Ocio - Comedor,28.0,Gasto
2026-03-01,Transporte,30.0,Gasto
2026-03-01,Compras - Otros,28.0,Gasto
2026-03-01,Compras - Tecnología,1300.0,Gasto
2026-03-01,Compras - Otros,16.0,Gasto
2026-03-01,Plataformas - Otras,30.0,Gasto
2026-04-01,Transporte,35.0,Gasto
2026-04-01,Transporte,30.0,Gasto
2026-04-01,Deporte - Deporte,15.0,Gasto
2026-04-01,Deporte - Deporte,45.0,Gasto
2026-04-01,Hogar - Hipoteca,209.0,Gasto
2026-04-01,Hogar - Seguro hogar,27.0,Gasto
2026-04-01,Plataformas - Otras,30.0,Gasto
2026-04-01,Hogar - Seguro vida,18.0,Gasto
2026-04-01,Hogar - Cuenta,200.0,Gasto
2026-04-01,Ocio - Restaurantes,61.0,Gasto
2026-04-01,Ocio - Restaurantes,36.0,Gasto
2026-04-01,Ocio - Restaurantes,54.0,Gasto
2026-04-01,Ocio - Restaurantes,46.0,Gasto
2026-04-01,Nómina,1900.0,Ingreso
2026-05-01,Nómina,1900.0,Ingreso
2026-05-01,Deporte - Deporte,15.0,Gasto
2026-05-01,Deporte - Deporte,45.0,Gasto
2026-05-01,Transporte,20.0,Gasto
2026-05-01,Ocio,30.0,Gasto
2026-05-01,Plataformas - Otras,30.0,Gasto
2026-05-01,Hogar - Seguro hogar,27.0,Gasto
2026-05-01,Hogar - Hipoteca,209.0,Gasto
2026-05-01,Hogar - Cuenta,200.0,Gasto
2026-05-01,Hogar - Seguro vida,18.0,Gasto
2026-05-01,Transporte,30.0,Gasto
2026-06-01,Plataformas - Otras,30.0,Gasto
2026-06-01,Deporte - Deporte,45.0,Gasto
2026-06-01,Deporte - Deporte,15.0,Gasto
2026-06-01,Hogar - Seguro vida,18.0,Gasto
2026-06-01,Hogar - Hipoteca,209.0,Gasto
2026-06-01,Transporte,30.0,Gasto
2026-06-01,Ocio - Comedor,20.0,Gasto
2026-06-01,Compras - Ropa y calzado,80.0,Gasto
2026-06-01,Nómina,2816.0,Ingreso
2026-06-01,Hogar - Seguro hogar,27.0,Gasto
2026-06-01,Hogar - Cuenta,200.0,Gasto
2026-06-01,Renta,103.0,Gasto
2026-07-01,Compras,100.0,Gasto
2026-07-01,Ocio,50.0,Gasto
2026-07-01,Deporte - Deporte,45.0,Gasto
2026-07-01,Hogar - Hipoteca,209.0,Gasto
2026-07-01,Hogar - Seguro vida,18.0,Gasto
2026-07-01,Hogar - Seguro hogar,27.0,Gasto
2026-07-01,Hogar - Cuenta,200.0,Gasto
2026-07-01,Deporte - Deporte,15.0,Gasto
2026-07-01,Transporte,30.0,Gasto
2026-07-01,Plataformas - Otras,30.0,Gasto
